20,100,
4.245333333332145e-18
4.245333333333885e-18
4.24533333333632e-18
4.2453333333398085e-18
4.245333333344044e-18
4.2453333333492225e-18
4.245333333355165e-18
4.2453333333620584e-18
4.245333333369775e-18
4.245333333378351e-18
4.2453333333877226e-18
4.245333333398032e-18
4.245333333409187e-18
4.24533333342116e-18
4.2453333334340135e-18
4.245333333447726e-18
4.2453333334622984e-18
4.245333333477722e-18
4.245333333494004e-18
4.245333333511116e-18
1.6956383819458223e-5
1.6958106785008583e-5
1.6960691609159398e-5
1.6964138667953485e-5
1.69684484315035e-5
1.6973621464071697e-5
1.697965842416282e-5
1.6986560064631794e-5
1.6994327232802562e-5
1.7002960870601148e-5
1.7012462014704024e-5
1.702283179669647e-5
1.7034071443247483e-5
1.7046182276296225e-5
1.7059165713252874e-5
1.7073023267213437e-5
1.7087756547186413e-5
1.7103367258336344e-5
1.7119857202235975e-5
1.713722827713803e-5
0.00013562052064185144
0.00013567565711856099
0.00013575840995857006
0.00013586882735558132
0.00013600696961052085
0.00013617290917254963
0.00013636673068701885
0.00013658853105036843
0.0001368384194720052
0.00013711651754322248
0.00013742295931320805
0.00013775789137217224
0.00013812147294169815
0.00013851387597233454
0.00013893528524851044
0.00013938589850088094
0.00013986592652612327
0.0001403755933142907
0.0001409151361838705
0.0001414848059245003
0.0004575474477779835
0.0004579661604332617
0.0004585950522264081
0.000459434948310585
0.00046048688259652036
0.00046175209933895303
0.00046323205499442487
0.0004649284203534454
0.0004668430829506948
0.00046897814975710374
0.00047133595015820036
0.0004739190392235463
0.00047673020127241597
0.00047977245374152894
0.00048304905136072653
0.0004865634906435434
0.000490319514699333
0.0004943211183748949
0.0004985725537334017
0.0005030783358793169
0.0010839869292129133
0.0010857514995383816
0.001088404524926846
0.0010919522051229434
0.0010964023237693542
0.0011017642697052708
0.00110804906198315
0.0011152693786780326
0.0011234395895752152
0.001132575792831478
0.0011426958557163513
0.0011538194595507004
0.0011659681489714613
0.0011791653856629172
0.001193436606707906
0.0012088092877237946
0.0012253130109628392
0.0012429795385689236
0.0012618428911981795
0.0012819394322251573
0.0021157312139396217
0.002121116723056936
0.002129224442658293
0.002140084046675608
0.0021537328850863963
0.002170216144241022
0.0021895870359067873
0.002211907015919067
0.0022372460334558423
0.002265682812083085
0.0022973051638541407
0.0023322103378902513
0.0023705054050187787
0.002412307680203761
0.002457745184668128
0.002506957149785584
0.002560094565001937
0.0026173207722445576
0.0026788121094872062
0.0027447586063572577
0.0036529632678799734
0.003666365569653468
0.003686574724392397
0.003713697548702163
0.0037478689095159674
0.0037892525618015357
0.0038380421409695904
0.003894462316763595
0.003958770116409332
0.004031256425874042
0.004112247679203923
0.004202107747113735
0.004301240037275855
0.00441008982012612
0.004529146795469291
0.004658947916741256
0.004800080491481319
0.004953185578392567
0.005118961703344616
0.00529816891879929
0.005795105636605927
0.005824076976300631
0.005867845495552858
0.005926727149754966
0.006001122334192109
0.006091519288512391
0.006198498152290222
0.006322735709674665
0.006465010867075081
0.006626210914235821
0.006807338625960488
0.007009520269208434
0.0072340145884002135
0.007482222850591888
0.0077557000418126435
0.008056167316387815
0.00838552581260708
0.008745871960748497
0.009139514423366172
0.009568992823032814
0.008640670095578186
0.00869716283028829
0.008782696800292715
0.008898081649978186
0.009044347762275319
0.009222757777071924
0.009434820399862005
0.00968230667109565
0.009967268895102892
0.01029206245850077
0.01065937080204519
0.011072233847406451
0.011534080221804072
0.012048763669385221
0.012620604089253046
0.013254433696850894
0.01395564886870175
0.014730268301157496
0.015584998192769638
0.01652730524818629
0.012287108244071898
0.012388927234395202
0.012543472751952908
0.012752604541691422
0.013018700775465073
0.01334469194862521
0.013734101807856725
0.014191095956150064
0.014720538895482069
0.015328060395333692
0.016020132217716206
0.01680415638922723
0.01768856639057363
0.018682942836940265
0.01979814545204158
0.021046463398594725
0.022441786322688312
0.02399979880429618
0.02573820128664381
0.027676960990045477
0.01683066319839607
0.017003127566874887
0.01726563290299194
0.017622098565257798
0.018077563437108857
0.018638275326213895
0.01931179976781445
0.02010715037535797
0.021034943288256964
0.022107578727170493
0.023339453191277164
0.02474720643071588
0.02635000801326435
0.028169889092173366
0.030232125888661254
0.032565682447510146
0.03520372143018437
0.03818419310313251
0.04155051428994565
0.045352350920296554
0.022366222539492088
0.022644037632945084
0.023068203801529057
0.02364642639067394
0.024388670565596935
0.025307377182286213
0.026417727809200115
0.027737965292611595
0.029289777556405248
0.031098753824762192
0.0331949241921584
0.035613395484637496
0.038395098712362005
0.04158766616816983
0.04524645945345798
0.04943577349730282
0.05423024607904397
0.05971650758830997
0.06599511190149288
0.07318279648702072
0.02898717266952291
0.02941651322262772
0.030074253923465202
0.030974700537621868
0.03213647478499859
0.03358299915619315
0.03534309776796421
0.03745173073069571
0.03995088330111537
0.0428906355613509
0.046330443641070286
0.05034066974990962
0.05500440571221263
0.06041964353375041
0.06670185706628119
0.07398707141306315
0.08243551174784144
0.09223594119499628
0.10361081893272396
0.11682243544746668
0.03678525473172763
0.03742606041142417
0.038411395430888756
0.03976657709210947
0.04152479371535048
0.043728129528386624
0.04642884786606904
0.04969097708108153
0.05359225391791686
0.058226491501919234
0.06370645401079869
0.07016733809411091
0.07777098287596038
0.08671095675665035
0.09721870124380393
0.10957095094132899
0.1240986961316062
0.14119801196743562
0.16134314842706066
0.18510236066953042
0.045850422247574595
0.04677890696576757
0.048212316513834466
0.05019366948956213
0.052779789108861205
0.05604336160287616
0.06007554166597026
0.06498921104679051
0.07092302288716873
0.07804639677713832
0.08656566915418228
0.0967316524174406
0.10884891616520288
0.12328717804047162
0.14049528319157126
0.16101836455660026
0.18551891632834966
0.2148026866036297
0.24985051052981364
0.29185747239938764
0.05627070062517504
0.057582077244860384
0.059615348428755155
0.0624411006520842
0.06615333546618442
0.07087342619183011
0.07675518462307632
0.0839912782468942
0.0928213028916169
0.10354189583967989
0.1165193744748283
0.13220551076709175
0.15115720899878657
0.17406105152583898
0.20176392570310087
0.2353112578636198
0.27599477450755694
0.32541220827222694
0.3855419942714254
0.45883679584054643
0.06813204869296158
0.0699434710247273
0.07276507175955117
0.07670921413890816
0.0819268449170711
0.08861481694126028
0.09702538193797589
0.1074783745070332
0.12037675776323359
0.13622639052975696
0.1556611170167118
0.17947458732064714
0.2086606098880969
0.244464339790752
0.2884472508130547
0.3425696656352582
0.40929567929499705
0.491726674399663
0.5937713797969407
0.7203626807748927
0.08151822241279523
0.08397194670945865
0.08781296690262635
0.09321546774992663
0.10041562621203949
0.10972472233570527
0.12154635743893577
0.1363988644688748
0.15494432843865788
0.17802606523005893
0.206716965008323
0.24238183157147625
0.2867577929347518
0.34205808923790226
0.41110615079814905
0.49750897892237433
0.6058815889119411
0.7421378711269777
0.9138679387441802
1.130828211317135
0.09651064092689701
0.09977740943901653
0.104918114324391
0.11219653627934241
0.12197386889894161
0.13473152110597308
0.1511014731821778
0.17190636838275397
0.1982122383821152
0.23139770441518315
0.27324474286624995
0.3260577554254537
0.3928198748933941
0.47739834885707205
0.5848147163998235
0.7216006512961406
0.8962672224025731
1.1199244997664461
1.4071006939035233
1.7768264040883661
0.11318825509317106
0.11747090465291618
0.1242479507670448
0.13391065392871085
0.14700035957932586
0.16424715022357286
0.18662203956622475
0.21540696487414912
0.25228832635807086
0.29948182727482753
0.3598990692895157
0.4373700039704264
0.5369402727991341
0.6652691476507014
0.8311628427726164
1.0462902700275767
1.326145029767112
1.69134018156316
2.169353327674931
2.796881788518108
0.13162741866357397
0.13716471772489214
0.14597908829682826
0.15864023134978653
0.17594505607713096
0.19898171892835612
0.22921739397242613
0.26861785405651867
0.3198099660485405
0.3863023456444822
0.47278510720770517
0.5855374771317903
0.7329828415511888
0.9264457192174953
1.1811857857172945
1.5178126510044396
1.9642247101013883
2.5582703740752866
3.3514063872597806
4.413734190676603
0.15190176226000154
0.15897248034544
0.17029820391030623
0.1866947875082227
0.20931666804324062
0.2397608210891361
0.2802114624587523
0.33364046434981637
0.40408442825794433
0.4970277028296635
0.6199323285098884
0.7829723103585354
1.0000527173848428
1.2902266483725606
1.6796690185124594
2.204430989999651
2.9142906326264564
3.878145361047906
5.191575961619629
6.987473566621074
0.1740820703014813
0.18300928439717626
0.19740300835193456
0.21841424267141932
0.24769141974121328
0.28754609513213863
0.3411873169324692
0.41305181084201226
0.5092686509488653
0.638313527541654
0.8119312268888669
1.046438610355235
1.3645687112666405
1.7980860545701742
2.391503359499424
3.2073740620430633
4.333843415671833
5.895442107823163
8.06854228291399
11.103527627467791
0.19823616103527059
0.20939180414212386
0.22750330386609816
0.25417262598300583
0.2917232034615646
0.34345970016770017
0.41404161634859615
0.5100189798348308
0.640600178955427
0.8187537312730231
1.0627920878601573
1.3986532831291636
1.863195442336557
2.5089647553599064
3.4111115611202822
4.677444311661881
6.463075808730513
8.99180208519789
12.58736840624599
17.719277885424987
0.2244287698221788
0.23823842762068909
0.26082214182597546
0.2943822594785958
0.34215537135575663
0.4088135243059119
0.5010512965405312
0.6284429985187798
0.8046947546333819
1.0494763728477614
1.3911075092111822
1.870506406117613
2.5470096120390764
3.5069710505190725
4.876499175144735
6.840368242927183
9.670159863543896
13.766229696931445
19.720418300637093
28.40994015994746
0.2527214358232575
0.2696693982484974
0.2975970925702617
0.33949849024112533
0.39983446088743535
0.485144123402872
0.6049554773546637
0.773140150211858
1.0099310034605808
1.344933463832923
1.8216320194428028
2.5041534383650608
3.487445790253382
4.912641065024487
6.990303002186299
10.035696783322381
14.522426120280775
21.16418852450411
31.039656802530143
45.78362254143079
0.283172392230029
0.30380696768965887
0.3380816413589882
0.390025053950235
0.4657262063085226
0.5742546143530595
0.7290563241816095
0.9500711467996941
1.2669493018742646
1.7239515262548313
2.3874366825076563
3.3573394992980337
4.7848197625349345
6.899482948918398
10.051483293220267
14.7768224223315
21.898881146895736
32.68666897892533
49.10203237569743
74.1866493606144
0.3158364601739487
0.3407755611824339
0.3825467261562314
0.44652016665542743
0.5409342577131832
0.6782650275584846
0.8773435809218324
1.1666316475504457
1.5893008363935237
2.2111340104760626
3.1328594961747855
4.5094722722775495
6.580602623999285
9.718403209330917
14.50329073802181
21.84408856955826
33.16911221416785
50.73085620132485
78.09296806121685
120.91029174210915
0.3507649464415984
0.38070195659471356
0.43128243498819385
0.509603457561166
0.6267221129158658
0.7996729722849014
1.0546487442024584
1.4320216532639944
1.9942948835124128
2.838740269745101
4.117561619874722
6.070187457903375
9.075178291976345
13.733949834422887
21.006250510757813
32.43004966033426
50.479439142481084
79.14871114293672
124.90789311366603
198.26957045347493
0.38800554511074636
0.42371547859120934
0.48459988293911455
0.5799638743798144
0.7245388688382866
0.9414269038611043
1.266836454102899
1.757716622574104
2.5041085869435933
3.6492123876404077
5.422126500161879
8.191482798872327
12.55365534250342
19.47836028153524
30.54980776937694
48.367383140677894
77.21335936849258
124.1686605264941
200.98209276985867
327.2092921007118
0.42760224320696844
0.4699482093985732
0.5428332914671353
0.6583687148867109
0.8360495221876479
1.10701482536104
1.5210427388244487
2.1580701768106034
3.1472455378362505
4.698586032526304
7.155820513279869
11.084983801280535
17.423565629844028
27.732572904377513
44.62404294083604
72.48854148443377
118.73695268744673
195.92616796530297
325.40742314683064
543.60326051031
0.46959523046159524
0.5195352177571347
0.606342295680046
0.7456739642842285
0.9631706987457912
1.3005719367155344
1.8259724055241917
2.6510875505599016
3.9604594243913476
6.061112151340732
9.467394204719936
15.046621715558611
24.270189369772815
39.64827940209764
65.48522510165616
109.1965902956446
183.61299639252022
311.0218025692753
530.2767702448155
909.3358338784042
0.5140208132278822
0.5726148077425717
0.6755145085392962
0.8428361485253002
1.1081128724013105
1.527011596808395
2.1922712945105953
3.2594212736822743
4.991299888589921
7.835543372959359
12.560178282382747
20.492065396931043
33.93814262067886
56.9327644246705
96.56874980455024
165.3765330793096
285.59070111346693
496.82427582544835
869.9108144182464
1531.934973634059
0.5609113325820646
0.6293287892222609
0.7507683746909668
0.9509259496421493
1.2734303562513845
1.7921850341892447
2.632993541510739
4.011656971351432
6.301493646638227
10.153717698472303
16.713270662007503
28.007824336444497
47.65228081734757
82.13029073841939
143.1348182634604
251.85874302704994
446.88672514047823
798.755810921524
1436.8957919593436
2599.6036079028204
0.6102950865994484
0.6898227717712476
0.8325563507798035
1.0711438712648815
1.4620806173202767
2.103076586760761
3.1641897271027712
4.943979039414694
7.971450655732908
13.19232423332058
22.311397367676076
38.42528951788738
67.19774024451169
119.05269460665303
213.28364027858666
385.7827912211369
703.6289911419617
1292.707175089376
2390.150347883932
4444.1726834480705
0.6621962567499146
0.7542464838989791
0.921368453706003
1.2048382919110583
1.677494794179612
2.468042942574578
3.805649232722199
6.102335185381446
10.106290680524188
17.18909272231217
29.887175257669284
52.92849584168717
95.18935440397887
173.44175481108368
319.56050497093173
594.4381052953518
1114.9450345884648
2106.3322459247033
4004.3800514000886
7655.0410279034295
0.7166348383018993
0.8227541194176959
1.0177362233403988
1.353526301426196
1.9236616957389414
2.897106984411776
4.5818397928996495
7.545257987765862
12.843931273637866
22.465155682105657
40.18117798680781
73.21167627929513
135.47677986482307
253.9934078606765
481.50754406805686
921.5408426422734
1778.2290892701199
3455.811816980171
6757.815722587961
13286.879830576587
0.7736265745562716
0.8955047126965234
1.1222371517136576
1.5189177834402652
2.2052280451267787
3.4023195264125796
5.523099822712478
9.347554208570449
16.36597971225164
29.45605434512707
54.22766093063167
101.71065598308024
193.75665760023853
373.94973918087874
729.7430888433496
1437.552755999084
2854.948246942485
5709.740655395079
11488.945569328354
23241.0021873108
0.8331828946499521
0.9726625443715897
1.235499636611228
1.702943285318328
2.527618323620897
3.9982056193102733
6.66715551608443
11.605143352829
20.912451026774693
38.75489226857416
73.47741363621031
141.94422426039588
278.50211017374687
553.5863966491128
1112.5193701290375
2256.7451230210554
4614.5358151261335
9500.881536905454
19678.44090314513
40970.7131165055
0.8953108545718188
1.054397578793588
1.3582085237878487
1.9077863084413504
2.897178288777171
4.7023163797762315
8.061056154705401
14.441422409351143
26.80172326131691
51.172621442819285
99.9745466846799
199.02001978947877
402.3809377307857
824.1193587572328
1706.323092663071
3565.584449382839
7509.519591026828
15922.953368210845
33959.84173957922
72795.51602653903
0.9600130809178794
1.1408859340629516
1.4911113085917012
2.135920757599351
3.321347116071707
5.535912709072366
9.763649130171032
18.015662751107588
34.45768393894917
67.8225770490904
136.61193862445538
280.3875828688382
584.4300034333487
1233.8731819195098
2633.1077625471125
5670.235290563164
12304.932579843791
26879.49892874127
59051.23094206527
130368.1784197242
1.0272877167786214
1.23231038489677
1.6350250745701858
2.390154410939898
3.8088641787508144
6.524814114773715
11.848752981838896
22.53412011373985
44.446781589137416
90.23945541473294
187.5018634536981
396.96440018597525
853.4053848404466
1858.0714679372738
4088.466234940199
9076.539556142374
20302.674023254564
45706.62423118462
103467.34899219332
235341.678703292
1.0971283689978168
1.3288608977617915
1.790844253517801
2.6736794138380753
4.370017778729751
7.700454534578847
14.40923512404932
28.264776418427267
57.52876354145377
120.54739332620584
258.5159636841294
564.8273701561244
1252.9697522055696
2814.4604034064573
6387.95642040762
14625.513625392728
33733.07154990901
78292.46607924183
182689.50360707068
428267.724330687
1.1695240558705073
1.4307351966683022
1.9595492983426481
2.99013096437998
5.016944725790382
9.101198100482357
17.562264692456086
35.5569566312545
74.72638597893429
161.6983060951305
358.07525221891296
807.7653919071789
1849.765280049853
4288.378108791165
10043.730683808437
23724.36916366455
56442.92407248248
135104.28217960394
325080.0166802692
785703.004639291
1.2444591541617636
1.5381393567375576
2.142216367031381
3.343655548922538
5.7639916011818
10.7739818530009
21.456095245106997
44.867507984538186
97.42151242612717
217.81114787987963
498.31087959786265
1161.1497932502161
2746.0427355908882
6573.209070335468
15892.070817226457
38743.005975366206
95113.08332047275
234886.8088183872
583006.3133715198
1.4533746568847834e6
1.3219133441345843
1.6512884211316086
2.3400281229416224
3.738990308770887
6.628150923084828
12.776370415449488
26.278843952823078
56.79583938791675
127.4880458807329
294.6567302504849
696.7772244138919
1677.831801692471
4099.524862481667
10136.050069701283
25307.00069004509
63699.181386598044
161429.031685372
411463.02981253795
1.0539392778361987e6
2.7110547399806213e6
1.4018615510832626
1.7704070352002095
2.5542857638613037
4.181555380702375
7.629588370540561
15.179130763599886
32.2698830792205
72.13096188625903
167.47646815352294
400.3533816114048
978.991753516791
2437.174655507593
6154.824018098154
15724.955040629431
40560.45971108432
105451.05293366258
275980.2503161141
726343.1212445576
1.9208211711583138e6
5.10064546277594e6
1.4842738816952046
1.8957300898164737
2.7864224001956814
4.677561364913259
8.792280871860969
18.06946508511787
39.73465936521102
91.91484100994624
220.8709780620257
546.3694134228921
1382.2188339444733
3558.960706642316
9293.428556797247
24545.216100465615
65433.84342043449
175788.47850150935
475322.0739110427
1.2923045729778395e6
3.530015107284393e6
9.6815418839059e6
1.5691155534259829
2.027503363947757
3.0380179120605715
5.234134447852645
10.144789926671894
21.55507849533361
49.06402603281634
117.52800450032647
292.4492042325879
748.9742363693449
1961.1354382984662
5224.925850930429
14113.727524156466
38551.08903877366
106263.98792393276
295129.5366772345
824873.8260943835
2.317890913789633e6
6.54328146941298e6
1.8544977645782758e7
1.656346814994968
2.1659841546998764
3.3108154271774297
5.85946216336158
11.721200280249153
25.769309031410977
60.75953662577883
150.80564040205076
388.78752774974527
1031.3490058652865
2796.3604595217494
7712.303938688698
21559.96646327938
60932.02457454713
173746.1082649415
499108.9666237025
1.4426875435476522e6
4.1921888811643794e6
1.2237093228806723e7
3.586116149676469e7
1.745922856119161
2.3114418815798756
3.6067395780134857
6.562963339325487
13.562261370719542
30.87761395217957
75.46664661045844
194.1956563745842
518.9741538964479
1426.672259355275
4007.3685067025076
11446.410238188513
33131.49612214006
96929.21243424938
286066.85851851903
850424.090771739
2.543660669108279e6
7.647960133999396e6
2.309840282536402e7
7.003510043879004e7
1.8377937047272983
2.4641586508060955
3.92791671987653
7.355486482952864
15.716778314804388
37.085794509920156
94.0184496697133
250.97476896248503
695.6202008172572
1982.6555362483373
5772.160857437048
17083.622526112416
51224.795216039
155217.73576077886
474395.5291422777
1.4603297669448727e6
4.522586232014847e6
1.4078833070630023e7
4.402364368404801e7
1.3819706124475414e8
1.9319041101674805
2.6244297654278728
4.276697324561901
8.249541750583996
18.243311241768325
44.650458715594816
117.49351498906107
325.54526574936716
936.3007633914734
2768.2490269583113
8357.422121707503
25643.258285351734
79696.825742664
250265.6561882474
792594.7536757565
2.528017436483793e6
8.111758316312776e6
2.616277745344864e7
8.47596447764751e7
2.756700546858659e8
2.028193411354138
2.7925641680933064
4.655680810062992
9.259572784789404
21.21225740005535
53.89237876869507
147.29269518045763
423.84454159432033
1265.6201115325327
3883.6164132808676
12165.065908807386
38718.71742411899
124800.44730781841
406395.6762164613
1.3345540445549262e6
4.413481330803928e6
1.4683255313775579e7
4.910149362523916e7
1.6493235281586173e8
5.561828249612048e8
2.126595389415373
2.96888480577327
5.067743129602431
10.40227615403911
24.70841079967763
65.21361133882493
185.24159292162594
553.9132002698511
1718.1885955723271
5475.068764344005
17804.58779655367
58818.160308788305
196750.69485559707
664841.6409413655
2.265431283321591e6
7.7737503046326665e6
2.683512115924069e7
9.311302860984093e7
3.2453513829493475e8
1.1355871330871723e9
2.2270381051876016
3.153728909783153
5.516067526717792
11.696977986153223
28.834120732562646
79.11953484603035
233.7279247182909
726.6874447235008
2342.940032884514
7757.574288647306
26206.369194222185
89918.63099708167
312370.3055914499
1.096123368711932e6
3.8785284274645834e6
1.38203233260617e7
4.9541038663979135e7
1.7850536783182678e8
6.460828661880939e8
2.347679620830647e9
2.329443722846447
3.3474481900794992
6.004178971014638
13.166079751769693
33.71320531916604
96.24734596966995
295.88661442207047
957.1106637565503
3209.433155858253
11048.925634197678
38800.47362083207
138374.88134319708
499598.4533829115
1.8219584150003484e6
6.6999080584183615e6
2.4811013966554876e7
9.243160800343361e7
3.461315604253405e8
1.3020195176243832e9
4.91712151634187e9
2.4337283220108588
3.550408949877179
6.5359829244289624
14.835588153477104
39.495821856864254
117.40308601734284
375.8505376416928
1265.702090928536
4417.109547388387
15821.977867965179
57801.02365997215
214422.7387613259
805246.0933599994
3.0544464656513734e6
1.1682869678659137e7
4.5000283662449546e7
1.7437542542423496e8
6.79208285497924e8
2.6575255927481794e9
1.0439224791791904e10
2.5398017017402807
3.762992134743016
7.115809252237392
16.73574785706852
46.36455557690806
143.60998929971242
479.0920732839757
1680.7840123422075
6108.987068483644
22785.107038768318
86662.16641179171
334687.7976224242
1.3084620553950071e6
5.166854502905461e6
2.0573398861441594e7
8.249670316194195e7
3.3279135617742383e8
1.3494396717388117e9
5.496517403686327e9
2.247666053909447e10
2.64756718087605
3.9855933387942004
7.748462286714951
18.90180053500244
54.542066864368834
176.1719334016607
612.8909482003013
2241.663636117514
8492.052985082173
33007.07057003206
130815.18668961017
526409.1436145662
2.144340676337314e6
8.822812289309548e6
3.660450402762461e7
1.52936237964847e8
6.428150689594079e8
2.715812085146478e9
1.1525391135875565e10
4.9103158678557655e10
2.756921400040201
4.218622798522477
8.439278272380633
21.374899578025328
64.3007398191514
216.75712669510682
786.9786677764586
3003.2072774944454
11867.845525176543
48112.253725987015
198870.0765618525
834615.0758845211
3.5457140820938167e6
1.5214597933816431e7
6.583026670244927e7
2.868335225646893e8
1.257249282702891e9
5.539054062395612e9
2.4511782129804634e10
1.0889142351938338e11
2.867754131188212
4.462505410881402
9.194191665786114
24.203217100653156
75.97490975559947
267.5090326618467
1014.4311310818929
4042.4572687386035
16678.63371835583
70588.32966032371
304590.72351818206
1.334425728283081e6
5.917869278361889e6
2.6507305848153893e7
1.1971818515683468e8
5.44472330931879e8
2.49090748371698e9
1.1453520211700876e10
5.289582420181973e10
2.4522184112272437e11
2.9799481007981314
4.71768081522635
10.019812022574587
27.443288786340073
89.97642364702907
331.1940996621935
1312.9117960565763
5468.263331198869
23577.636838815462
104274.79283536371
470169.277407328
2.152340011272875e6
9.973460440668723e6
4.66756592031388e7
2.2024444865165305e8
1.0464358948214468e9
5.000992437101057e9
2.4019743386218754e10
1.158646013011517e11
5.609946938755575e11
3.0933788324766223
4.984603576920988
10.923513469014345
31.16165298624589
106.81451827151824
411.3994104757912
1706.4123280467893
7435.387572099205
33536.5342504402
155144.65165281913
731700.0368608269
3.503406907656314e6
1.697853963991434e7
8.309746932233328e7
4.1002367872208416e8
2.036969354146708e9
1.0177860110617353e10
5.1104382304347275e10
2.5768705151093945e11
1.3041186564170847e12
3.2079145138945595
5.263743502236876
11.913539007559875
35.43685360783974
127.12130195464601
512.7982621415231
2227.702373622128
10165.284347141243
48011.183178257044
232564.65089764795
1.1484066162711391e6
5.756724803314742e6
2.920565129084668e7
1.4962010561511084e8
7.726762462564845e8
4.0170722825134573e9
2.100240901156615e10
1.1033446348059564e11
5.820248023882428e11
3.0812004754734478e12
3.3234158915018135
5.555586097588141
12.999122119045161
40.36189195693629
151.6845169749699
641.5084400784957
2921.794144836152
13976.888840012083
69198.72917464162
351341.85882497934
1.8183219647873344e6
9.551880509163491e6
5.077627710586886e7
2.7252267630332035e8
1.4742328192307565e9
8.027350528988993e9
4.39507739118953e10
2.4176163512624545e11
1.335192036588495e12
7.399436021375506e12
3.439736194380693
5.860633158648962
14.190628251191567
46.04723087587521
181.48976334118194
805.5772300802487
3850.8640276831784
19332.47823800251
100438.96612300347
535070.36282447
2.905139029116908e6
1.600769029786752e7
8.924154086697192e7
5.0222258397538155e8
2.8481920937070856e9
1.625587547473301e10
9.327578210218353e10
5.3763487837245526e11
3.110847943531835e12
1.8059652648896434e13
3.556721085880499
6.179403432735045
15.499718741384015
52.62447478882755
217.77500298574986
1015.6398613620839
5101.27082317684
26906.307514743257
146844.35178658142
821638.5392928792
4.684514127546533e6
2.709931011672737e7
1.5857310930431044e8
9.364695540913397e8
5.5719517278558855e9
3.3357978050044437e10
2.007360653487371e11
1.2131985962536536e12
7.359297834097393e12
4.4782572554712125e13
3.6742086382642243
6.5124332350649246
16.93953936357397
60.25087008189211
262.1009509870968
1285.8150760665085
6793.593239471053
37687.72436201938
216293.53948557083
1.272340537519606e6
7.624401305779938e6
4.6344105501941144e7
2.848639758120459e8
1.7666648384365895e9
1.1035887684243408e10
6.934779630854927e10
4.3791659757446594e11
2.7767500543920186e12
1.7668150069035633e13
1.1275320069049775e14
3.7920293213843426
6.8602768065501545
18.524934759528964
69.11478801505535
316.4418886982795
1634.9238509072595
9097.009237986102
53136.48224352589
321003.44362408697
1.987012129651191e6
1.2525086855508007e7
8.005571730687924e7
5.1725835482872236e8
3.370955958075927e9
2.2120787009986774e10
1.4598034859108905e11
9.678399056918451e11
6.441519738061781e12
4.301079028806601e13
2.879725200944521e14
3.910005991141635
7.223506062859932
20.27268809149698
79.44235990295688
383.30244276472183
2088.145563274123
12249.892525493486
75416.86812703588
480020.7513113868
3.129232152513196e6
2.0764002156214844e7
1.3964499501914093e8
9.48990601145217e8
6.502177481881982e9
4.484347397041432e10
3.1091278929161664e11
2.1649897729246155e12
1.512935837597653e13
1.0603993192295098e14
7.450588804287379e14
4.027953856835463
7.602709180702196
22.20178168180969
91.5054186801944
465.866805873055
2679.2596082671043
16589.239368212446
107750.11732373058
723168.0647048844
4.968284903170842e6
3.472398223421938e7
2.458465530227876e8
1.7579485113203895e9
1.266804523634768e10
9.184870249629494e10
6.692156345158892e11
4.895317306389737e12
3.592516572810304e13
2.6434300057153984e14
1.949333918764261e15
4.145680398131357
7.998487171262113
24.33366824487807
105.63084086909896
568.1874033455108
3453.656746527482
22592.47358219956
154942.53086389223
1.097272054862499e6
7.948837121588752e6
5.8540804835869536e7
4.364696043682231e8
3.2847852893425794e9
2.489964767585152e10
1.8981541117835205e11
1.4534834615469375e12
1.116961487564534e13
8.608210209720783e13
6.64961406403873e14
5.146364720031274e15
4.262985192123963
8.411447175486277
26.692532353091416
122.21124623491035
695.4195481125007
4472.335936756087
30936.265496361048
224170.50810265305
1.6759247237369518e6
1.2805922696038608e7
9.940087634979363e7
7.805413350082601e8
6.182661541544604e9
4.929843448467447e10
3.9510637685913043e11
3.179292142952398e12
2.566333737245603e13
2.0767245431566175e14
1.6838677247342028e15
1.3675029595503734e16
4.37965959935846
8.842190664626473
29.305506665946048
141.71675522110954
854.1062315072228
5817.114354376774
42578.085097919065
326132.8810012825
2.57461188298961e6
2.0752776823861938e7
1.6977287446025616e8
1.4038893717200818e9
1.1701934640741856e10
9.812593463283467e10
8.265891602781462e11
6.987427003195733e12
5.922755644912373e13
5.0309458606112794e14
4.280514832394495e15
3.646779144914426e16
4.4954862464172445
9.291294055040183
32.202786101604104
164.70707449184619
1052.5115063943917
7597.245239097551
58866.93397844215
476712.1654088888
3.9737842081159246e6
3.378315243984443e7
2.911926149532928e8
2.534810824303812e9
2.222464962506312e10
1.9590046417397034e11
1.7336676973505266e12
1.5388745317352234e13
1.3691010096936861e14
1.2201964195639675e15
1.0889562089357632e16
9.728461304267286e16
4.610238235371174
9.759278519020983
35.41755542235711
191.8425293631656
1300.9902067971784
9957.521196947158
81689.40086193771
699310.9609969526
6.153271724872291e6
5.5148104675604336e7
5.005609747869385e8
4.5841342781673765e9
4.225068660117915e10
3.912260101905241e11
3.635000074738259e12
3.385951097128303e13
3.15993533923572e14
2.9531985475347915e15
2.762947881476937e16
2.5870536506811507e17
4.723678012931052
10.246565153070058
38.985613569957394
223.89176526175126
1612.3642218798398
13087.68758648987
113654.79135309323
1.0280304420596733e6
9.542133643537484e6
9.008801085817353e7
8.603635036401349e8
8.282262961588615e9
8.01758950773313e10
7.792367301006475e11
7.595254685455216e12
7.418599877019481e13
7.257134412879159e14
7.107171203121676e15
6.966095452241299e16
6.832032285065869e17
4.835555852525573
10.75341142488433
42.944546817508446
261.7327382127762
2002.2500288856909
17232.54417789053
158317.10545939318
1.5118056308245435e6
1.4788132430808617e7
1.469179600116414e8
1.4747254157865236e9
1.4906670671336576e10
1.5140528608564346e11
1.5429857679779165e12
1.5762086140101729e13
1.612869375540234e14
1.6523817105889755e15
1.6943385733772004e16
1.7384568006189184e17
1.784540501875885e18
4.945607949568436
11.279825345185483
47.332282204960755
306.3424573455175
2489.2493230545338
22701.430606207734
220420.37492083406
2.2194654885619837e6
2.2849731646794595e7
2.38565993339373e8
2.513610781744107e9
2.6645151006077507e10
2.8360505058501605e11
3.027079019962193e12
3.2372188498903348e13
3.4666034865400244e14
3.7157403203687345e15
3.985425097705888e16
4.276689279448019e17
4.5907676753232404e18
5.053554210618196
11.825455542651797
52.184857331812395
358.7700382063429
3094.8784301263936
29874.881131132002
306136.0146467031
3.2453971628948804e6
3.5109706497864656e7
3.8462720963229465e8
4.2474037292240067e9
4.7147919408419426e10
5.25159269325671e11
5.86294258534351e12
6.555607803194516e13
7.337838331035974e14
8.219338277558716e15
9.211308813426574e16
1.0326541810684689e18
1.1579553150404352e19
5.159095931397206
12.389458733067404
57.53328992225243
420.08745578115935
3843.081892754249
39205.20978690389
423236.6121314623
4.715027930247346e6
5.3501857558758505e7
6.138919344530307e8
7.092970468037268e9
8.231517030636066e10
9.580070527456554e11
1.1170337706541234e13
1.3040603883929283e14
1.523645967101959e15
1.7811802490353436e16
2.0830095175530365e17
2.4365890873295206e18
2.850665017721549e19
5.26191369597323
12.97035107107745
63.39953648104896
491.31355299141035
4759.166098256588
51206.91826959694
581123.3576002917
6.788708474365432e6
8.063013844256294e7
9.671014614783212e8
1.1669297358220463e10
1.4132945844470044e11
1.7156971897775068e12
2.085932719497796e13
2.5385178113264053e14
3.0912426608132305e15
3.765860978284081e16
4.5889408797391014e17
5.59290813988473e18
6.817321803100546e19
5.36166596441469
13.56585615115036
69.79170005278084
573.3099245084451
5868.019008385387
66432.55281705069
790602.2058269597
9.66189645090022e6
1.198435163923196e8
1.4993675742346163e9
1.885523019899961e10
2.3785471552558737e11
3.0062767284609907e12
3.804249623049808e13
4.817685892900995e14
6.104033937102002e15
7.736217916541133e16
9.806766537772083e17
1.2433055249196417e19
1.5763957951507212e20
5.4579889092832765
14.172768889948538
76.69886958510956
666.652491559225
7191.569332967203
85430.53161948622
1.0632999619253785e6
1.3559045538336352e7
1.752137565623215e8
2.281300514566784e9
2.9833731710428307e10
3.911736163853315e11
5.137099387042049e12
6.752824506531028e13
8.882004642252729e14
1.1686822648152366e16
1.53808926014199e17
2.024552038035304e18
2.6651119462285185e19
3.508541144693724e20
5.550498065600198
14.786859398525241
84.08620796315812
771.4894737790089
8745.588952092146
108683.99671102998
1.4106412586070313e6
1.8718675122680325e7
2.5135444529156986e8
3.3975472093425555e9
4.609807902637465e10
6.268368328859618e11
8.534735471249373e12
1.1629535421236702e14
1.5853947098772112e15
2.1618983338744188e16
2.9485459508601894e17
4.0218533174526653e18
5.486211715317959e19
7.484040180500473e20
5.638792234553581
15.402842106708576
91.89108650317328
887.4036897308465
10536.13964618346
136533.9909413738
1.84238197263396e6
2.536812217490319e7
3.5302799524975044e8
4.941361146739029e9
6.9389472804599e10
9.7621410261433e11
1.3748715260690473e13
1.937542971894324e14
2.731498315398858e15
3.8516390139388424e16
5.43183797633534e17
7.660936303621147e18
1.0805308197574522e20
1.5240690236315206e21
5.722459813851565
16.014431024613955
100.02111230096021
1013.3024678276616
12556.163751907598
169095.57695550856
2.3648112333898745e6
3.368865347722066e7
4.845217735674879e8
7.0042539440130825e9
1.0153835357636397e11
1.4742841598734482e12
2.1424945834385484e13
3.1151594472450706e14
4.530738373798577e15
6.5907081280149496e16
9.588232144247191e17
1.3949876646991045e19
2.0296309202456347e20
2.9530616696499554e21
5.801087344524609
16.614491508427655
108.35474845891233
1147.3594315484204
14782.84935383165
206180.42480797187
2.978868306433355e6
4.377467776864012e7
6.488355892572333e8
9.660858586150278e9
1.441984179835029e11
2.1552132065358977e12
3.2236350437768336e13
4.823749714896908e14
7.219837980748658e15
1.0807599041025083e17
1.6179487822585185e18
2.422253985007267e19
3.626483606136685e20
5.429479123180541e21
5.874269638344161
17.195283535547087
116.74487186361767
1287.0272809532394
17176.39407299307
247241.9168857032
3.678527105481562e6
5.559388831359791e7
8.467975457861481e8
1.2950733979680614e10
1.9849333687941846e11
3.0458202366897715e12
4.676707707751861e13
7.183393503215795e14
1.1035817030040668e16
1.695614364857454e17
2.6054125083622277e18
4.003510704474436e19
6.151967188099502e20
9.453482846101898e21
5.941620487032603
17.74877457500273
125.02510656643801
1429.1294847753766
19680.60988998317
291357.2653902728
4.449828756568238e6
6.895702770279233e7
1.076287108323453e9
1.6860471956515905e10
2.6463391563917422e11
4.157822756400963e12
6.53621604330856e13
1.0278208897339938e15
1.616516086137973e16
2.5426231602988554e17
3.999500120040486e18
6.291315613446778e19
9.896552072064293e20
1.556790130506885e22
6.002782759718004
18.266986143427072
133.01823763604503
1570.0239125334488
22225.47819736142
337255.0745544071
5.270859516996469e6
8.350547687158746e7
1.3317625836771944e9
2.1310415085739372e10
3.415929653240919e11
5.4805176806529e12
8.79720917990199e13
1.4124769712672935e15
2.2681874580667764e16
3.64258483165255e17
5.850034924183905e18
9.395439410540855e19
1.5089717927656927e21
2.4235283112395826e22
6.057436736827357
18.742331227035105
140.5456042860456
1705.817059211924
24731.367823781933
383387.57937545294
6.112786982113703e6
9.87217069121718e7
1.6042467732581515e9
2.614995760739749e10
4.269305482505225e11
6.975906259454413e12
1.1403339112296202e14
1.8645035318697078e15
3.048931283339981e16
4.9860957092222054e17
8.154342267976955e18
1.3335998458529341e20
2.1810549347994362e21
3.5670573154232785e22
6.105305809853542
19.167902170403423
147.4362167119208
1832.5980953602302
27114.292932049557
428037.3070938664
6.941836695063134e6
1.1396262651347992e8
1.8818266364379659e9
3.1163682562048717e10
5.1683600176284827e11
8.577958443192743e12
1.424248191059987e14
2.3652499089228595e15
3.928400432384262e16
6.524986146121957e17
1.083819125210421e19
1.800284569887767e20
2.9904002363525337e21
4.96728999935888e22
6.146159131780262
19.53767979879898
153.5344834250491
1946.6603925521733
29291.420136109664
469441.2929486887
7.721892666500931e6
1.2851072788620982e8
2.1506034182548904e9
3.608803033232439e10
6.064021899902864e11
1.0196766884949297e13
1.7152266119823153e14
2.8857752039852855e15
4.855639667817146e16
8.170582306939905e17
1.374901216549181e19
2.313642700268514e20
3.893358778449344e21
6.55170498122342e22
6.179811321558597
19.846651281968352
158.70582356390494
2044.684562637369
31186.080033515173
505914.28221089666
8.417305162883213e6
1.4163448265336376e8
2.3959323442617707e9
4.063574937189827e10
6.900908459788677e11
1.172711125548455e13
1.993531928178009e14
3.389468961745219e15
5.763414593051379e16
9.800513505816227e17
1.6665896776829995e19
2.8340940720409585e20
4.819509531626843e21
8.19583127769989e22
6.206119790000729
20.090842056179536
162.83994823181092
2123.868883142425
32731.764159416674
535955.6447169755
8.99551125557331e6
1.5264868980426836e8
2.6037478873518977e9
4.4523917825027016e10
7.623068041039906e11
1.3059916139564236e13
2.2381603436822666e14
3.836315025737159e15
6.576196271908011e16
1.1273395449646034e18
1.9326128874837156e19
3.313143966584018e20
5.679871644537284e21
9.73729192252427e22
6.224980574797485
20.26728175587229
165.85208130236762
2182.006278345403
33874.902734709096
558331.2706523656
9.429192502894327e6
1.6096726458854088e8
2.7617881008099365e9
4.750120482894486e10
8.179856580921898e11
1.4094587420840016e13
2.429374317517323e14
4.187993892059572e15
7.220271808916907e16
1.24485756647825e18
2.1463248370061353e19
3.700635199711248e20
6.380573652025836e21
1.1001313685431311e23
6.236323708082741
20.373932803509597
167.68273671221337
2217.5179445998706
34576.514369411765
572128.8796471251
9.697852201451214e6
1.6614415573016056e8
2.860590527752064e9
4.937100808838882e10
8.531124107207448e11
1.4750311285726824e13
2.5511072414913512e14
4.4129013067713655e15
7.63404539994925e16
1.3206975693413558e18
2.284869576343073e19
3.952977427318137e20
6.838955771622167e21
1.183195692060498e23
6.240109096599639
20.409612195767963
168.2968161701304
2229.459748921366
34813.013210226345
576790.5864400951
9.788830864481501e6
1.67901249365281e8
2.8942012953892713e9
5.0008521749377144e10
8.651160545927572e11
1.4974894277649766e13
2.592894532960463e14
4.4902797330984625e15
7.776723907194942e16
1.3469079627525837e18
2.3328588741515514e19
4.040581275761552e20
6.998448008779628e21
1.2121627750506138e23
